kategorie,episode,MMM-Forum-Link,wiki_url,Wiki-AT-Link Fixed,AT-Forum-Link (neu),AT-Forum-Link (alt),Longplay-Link
MMM-Episodenführer,Episode 1: Geschwisterliebe,https://www.maniac-mansion-mania.de/forum/index.php?topic=2696.0,http://wiki.maniac-mansion-mania.de/wiki/Geschwisterliebe,X,https://www.adventure-treff.de/forum/topic/5554,http://www.adventure-treff.de/forum/viewtopic.php?t=5554,https://www.youtube.com/watch?v=1Bm9CZWhGv4&list=PLF3YnSazju8E_2kO3nKy7oloZHG80C5l5&index=3
MMM-Episodenführer,Episode 2: Unruhen,,http://wiki.maniac-mansion-mania.de/wiki/Unruhen,,https://www.adventure-treff.de/forum/topic/5633,http://www.adventure-treff.de/forum/viewtopic.php?t=5633,https://www.youtube.com/watch?v=NrNbXT_e2Dk&list=PLF3YnSazju8E_2kO3nKy7oloZHG80C5l5&index=6
MMM-Episodenführer,Episode 3: Stubenarrest,,http://wiki.maniac-mansion-mania.de/wiki/Stubenarrest,,https://www.adventure-treff.de/forum/topic/5677,http://www.adventure-treff.de/forum/viewtopic.php?t=5677,https://www.youtube.com/watch?v=-UzLAN8eNpw&list=PLF3YnSazju8E_2kO3nKy7oloZHG80C5l5&index=9
MMM-Episodenführer,Episode 4: Mimikry der Emotionen,,http://wiki.maniac-mansion-mania.de/wiki/Mimikry_der_Emotionen,,https://www.adventure-treff.de/forum/topic/5701,http://www.adventure-treff.de/forum/viewtopic.php?t=5701,https://www.youtube.com/watch?v=c57iSEaS-2Y&list=PLF3YnSazju8E_2kO3nKy7oloZHG80C5l5&index=11
MMM-Episodenführer,Episode 5: Rhythmen zum Reinbeißen,,http://wiki.maniac-mansion-mania.de/wiki/Rhythmen_zum_Reinbei%C3%9Fen,,https://www.adventure-treff.de/forum/topic/5724,http://www.adventure-treff.de/forum/viewtopic.php?t=5724,https://www.youtube.com/watch?v=XgAZ1a0-248&list=PLF3YnSazju8E_2kO3nKy7oloZHG80C5l5&index=13
MMM-Episodenführer,Episode 6: Er is' weg,,http://wiki.maniac-mansion-mania.de/wiki/Er_is'_weg,,https://www.adventure-treff.de/forum/topic/5731,http://www.adventure-treff.de/forum/viewtopic.php?t=5731,https://www.youtube.com/watch?v=_w8qekelkcY&list=PLF3YnSazju8E_2kO3nKy7oloZHG80C5l5&index=15
MMM-Episodenführer,Episode 7: Right said Fred!?!,https://www.maniac-mansion-mania.de/forum/index.php?topic=2765.0,http://wiki.maniac-mansion-mania.de/wiki/Right_said_Fred!%3F!,,https://www.adventure-treff.de/forum/topic/5735,http://www.adventure-treff.de/forum/viewtopic.php?t=5735,https://www.youtube.com/watch?v=yotA2j8fPb4&list=PLF3YnSazju8E_2kO3nKy7oloZHG80C5l5&index=16
MMM-Episodenführer,Episode 8: Die Abfuhr,,http://wiki.maniac-mansion-mania.de/wiki/Die_Abfuhr,,https://www.adventure-treff.de/forum/topic/5770,http://www.adventure-treff.de/forum/viewtopic.php?t=5770,https://www.youtube.com/watch?v=bY6g1s8etEE&list=PLF3YnSazju8E_2kO3nKy7oloZHG80C5l5&index=19
MMM-Episodenführer,Episode 9: Radioaktiv,,http://wiki.maniac-mansion-mania.de/wiki/Radioactive,,https://www.adventure-treff.de/forum/topic/5783,http://www.adventure-treff.de/forum/viewtopic.php?t=5783,https://www.youtube.com/watch?v=1MtOP40Lb9U&list=PLF3YnSazju8E_2kO3nKy7oloZHG80C5l5&index=22
MMM-Episodenführer,Episode 10: Tales of Weird Ed,,http://wiki.maniac-mansion-mania.de/wiki/Tales_of_the_Weird_Ed,,https://www.adventure-treff.de/forum/topic/5798,http://www.adventure-treff.de/forum/viewtopic.php?t=5798,https://www.youtube.com/watch?v=Ndwb_gc9dFw&list=PLF3YnSazju8E_2kO3nKy7oloZHG80C5l5&index=23
MMM-Episodenführer,Episode 11: Ein haariger Ausflug - Special Edison,https://www.maniac-mansion-mania.de/forum/index.php?topic=2870.0,http://wiki.maniac-mansion-mania.de/wiki/Ein_haariger_Ausflug,,https://www.adventure-treff.de/forum/topic/7003,http://www.adventure-treff.de/forum/viewtopic.php?t=7003,https://www.youtube.com/watch?v=9yo9Uafy-b8&list=PLF3YnSazju8E_2kO3nKy7oloZHG80C5l5&index=26
MMM-Episodenführer,Episode 12: Giga Mansion,,http://wiki.maniac-mansion-mania.de/wiki/GIGA_Mansion,,https://www.adventure-treff.de/forum/topic/6028,http://www.adventure-treff.de/forum/viewtopic.php?t=6028,https://www.youtube.com/watch?v=TgGAA37fnco&list=PLF3YnSazju8E_2kO3nKy7oloZHG80C5l5&index=27
MMM-Episodenführer,Episode 13: Nur geträumt,,http://wiki.maniac-mansion-mania.de/wiki/Nur_getr%C3%A4umt,,https://www.adventure-treff.de/forum/topic/6222,http://www.adventure-treff.de/forum/viewtopic.php?t=6222,https://www.youtube.com/watch?v=Bf2yOOFWcro&list=PLF3YnSazju8E_2kO3nKy7oloZHG80C5l5&index=28
MMM-Episodenführer,Episode 14: Ed's Rache für den Hamsterbraten,,http://wiki.maniac-mansion-mania.de/wiki/Ed's_Rache_f%C3%BCr_den_Hamsterbraten,,https://www.adventure-treff.de/forum/topic/6232,http://www.adventure-treff.de/forum/viewtopic.php?t=6232,https://www.youtube.com/watch?v=1YgzdT2iDPI&list=PLF3YnSazju8E_2kO3nKy7oloZHG80C5l5&index=29
MMM-Episodenführer,Episode 15: Ortmaschine,https://www.maniac-mansion-mania.de/forum/index.php?topic=2139.0,http://wiki.maniac-mansion-mania.de/wiki/Ortmaschine,,https://www.adventure-treff.de/forum/topic/6252,http://www.adventure-treff.de/forum/viewtopic.php?t=6252,https://www.youtube.com/watch?v=rfIGSbMFO4M&list=PLF3YnSazju8E_2kO3nKy7oloZHG80C5l5&index=30
MMM-Episodenführer,Episode 16: Meteor Family – Die Rückkehr des Meteoriten (Reloaded),https://www.maniac-mansion-mania.de/forum/index.php?topic=388.0,http://wiki.maniac-mansion-mania.de/wiki/Meteor_Family,,https://www.adventure-treff.de/forum/topic/11800,http://www.adventure-treff.de/forum/viewtopic.php?f=16&t=11800,https://www.youtube.com/watch?v=cOYhHTvc2cs&list=PLF3YnSazju8E_2kO3nKy7oloZHG80C5l5&index=31
MMM-Episodenführer,Episode 17: Das Labor,,http://wiki.maniac-mansion-mania.de/wiki/Das_Labor,,https://www.adventure-treff.de/forum/topic/6325,http://www.adventure-treff.de/forum/viewtopic.php?t=6325,https://www.youtube.com/watch?v=yVM8Zl9SyRo&list=PLF3YnSazju8E_2kO3nKy7oloZHG80C5l5&index=32
MMM-Episodenführer,Episode 18: Shit Happens!,,http://wiki.maniac-mansion-mania.de/wiki/Shit_Happens!,,https://www.adventure-treff.de/forum/topic/6347,http://www.adventure-treff.de/forum/viewtopic.php?t=6347,https://www.youtube.com/watch?v=p5pWvh7BhpQ&list=PLF3YnSazju8E_2kO3nKy7oloZHG80C5l5&index=33
MMM-Episodenführer,Episode 19: Das Date,,http://wiki.maniac-mansion-mania.de/wiki/Das_Date,,https://www.adventure-treff.de/forum/topic/6615,http://www.adventure-treff.de/forum/viewtopic.php?t=6615,https://www.youtube.com/watch?v=_gZZgPs76RA&list=PLF3YnSazju8E_2kO3nKy7oloZHG80C5l5&index=34
MMM-Episodenführer,Episode 20: Das Date 2,,http://wiki.maniac-mansion-mania.de/wiki/Das_Date_2,,https://www.adventure-treff.de/forum/topic/6616,http://www.adventure-treff.de/forum/viewtopic.php?t=6616,https://www.youtube.com/watch?v=JfaKTVkk9b0&list=PLF3YnSazju8E_2kO3nKy7oloZHG80C5l5&index=35
MMM-Episodenführer,Episode 21: Rettet Kanal 13!,,http://wiki.maniac-mansion-mania.de/wiki/Rettet_Kanal_13!,,https://www.adventure-treff.de/forum/topic/6628,http://www.adventure-treff.de/forum/viewtopic.php?t=6628,https://www.youtube.com/watch?v=r_mg9sjCSnY&list=PLF3YnSazju8E_2kO3nKy7oloZHG80C5l5&index=38
MMM-Episodenführer,Episode 22: Presserummel,,http://wiki.maniac-mansion-mania.de/wiki/Presserummel,,https://www.adventure-treff.de/forum/topic/6674,http://www.adventure-treff.de/forum/viewtopic.php?t=6674,https://www.youtube.com/watch?v=gpDgaJzdnUM&list=PLF3YnSazju8E_2kO3nKy7oloZHG80C5l5&index=39
MMM-Episodenführer,Episode 23: Das verflixte Geschenk,,http://wiki.maniac-mansion-mania.de/wiki/Das_verflixte_Geschenk,,https://www.adventure-treff.de/forum/topic/6701,http://www.adventure-treff.de/forum/viewtopic.php?t=6701,https://www.youtube.com/watch?v=oU6S0dx1tzk&list=PLF3YnSazju8E_2kO3nKy7oloZHG80C5l5&index=40
MMM-Episodenführer,Episode 24: Time Machine,,http://wiki.maniac-mansion-mania.de/wiki/Time_Machine,,https://www.adventure-treff.de/forum/topic/6883,http://www.adventure-treff.de/forum/viewtopic.php?t=6883,https://www.youtube.com/watch?v=N26qB0zX5nQ&list=PLF3YnSazju8E_2kO3nKy7oloZHG80C5l5&index=41
MMM-Episodenführer,Episode 25: Bernard stört ( v2.3 ),https://www.maniac-mansion-mania.de/forum/index.php?topic=902.0,http://wiki.maniac-mansion-mania.de/wiki/Bernard_st%C3%B6rt,,https://www.adventure-treff.de/forum/topic/7047,http://www.adventure-treff.de/forum/viewtopic.php?t=7047,https://www.youtube.com/watch?v=ljQpq7syyF8&list=PLF3YnSazju8E_2kO3nKy7oloZHG80C5l5&index=42
MMM-Episodenführer,Episode 26: Zeitenwende,,http://wiki.maniac-mansion-mania.de/wiki/Zeitenwende,,https://www.adventure-treff.de/forum/topic/6969,http://www.adventure-treff.de/forum/viewtopic.php?t=6969,https://www.youtube.com/watch?v=4mynWNhdstA&list=PLF3YnSazju8E_2kO3nKy7oloZHG80C5l5&index=43
MMM-Episodenführer,Episode 27: Hamsternator,,http://wiki.maniac-mansion-mania.de/wiki/Hamsternator,,https://www.adventure-treff.de/forum/topic/7000,http://www.adventure-treff.de/forum/viewtopic.php?t=7000,https://www.youtube.com/watch?v=jVhawLzeh-U&list=PLF3YnSazju8E_2kO3nKy7oloZHG80C5l5&index=44
MMM-Episodenführer,Episode 28: Time Machine II,,http://wiki.maniac-mansion-mania.de/wiki/Time_Machine_2,,https://www.adventure-treff.de/forum/topic/7113,http://www.adventure-treff.de/forum/viewtopic.php?t=7113,https://www.youtube.com/watch?v=7pThuvyf8qo&list=PLF3YnSazju8E_2kO3nKy7oloZHG80C5l5&index=45
MMM-Episodenführer,Episode 29: Die Flucht des Meteoriten,,http://wiki.maniac-mansion-mania.de/wiki/Flucht_des_Meteoriten,,https://www.adventure-treff.de/forum/topic/7166,http://www.adventure-treff.de/forum/viewtopic.php?t=7166,https://www.youtube.com/watch?v=U_m-0IAvJmY&list=PLF3YnSazju8E_2kO3nKy7oloZHG80C5l5&index=46
MMM-Episodenführer,Episode 30: Remembering Zak,,http://wiki.maniac-mansion-mania.de/wiki/Remembering_Zak,,https://www.adventure-treff.de/forum/topic/7168,http://www.adventure-treff.de/forum/viewtopic.php?t=7168,https://www.youtube.com/watch?v=kTx8VC6alIw&list=PLF3YnSazju8E_2kO3nKy7oloZHG80C5l5&index=47
MMM-Episodenführer,Episode 31: Britneys Suche,https://www.maniac-mansion-mania.de/forum/index.php?topic=2610.0,http://wiki.maniac-mansion-mania.de/wiki/Britneys_Suche,,https://www.adventure-treff.de/forum/topic/7187,http://www.adventure-treff.de/forum/viewtopic.php?t=7187,https://www.youtube.com/watch?v=3QpPTXwFypE&list=PLF3YnSazju8E_2kO3nKy7oloZHG80C5l5&index=49
MMM-Episodenführer,Episode 32: The Secret of Maniac Mansion,https://www.maniac-mansion-mania.de/forum/index.php?topic=2820.0,http://wiki.maniac-mansion-mania.de/wiki/The_Secret_of_Maniac_Mansion,,https://www.adventure-treff.de/forum/topic/7196,http://www.adventure-treff.de/forum/viewtopic.php?t=7196,https://www.youtube.com/watch?v=Sxr_CkaFPek&list=PLF3YnSazju8E_2kO3nKy7oloZHG80C5l5&index=51
MMM-Episodenführer,Episode 33: Carry on Smiley!,,http://wiki.maniac-mansion-mania.de/wiki/Carry_on_Smiley!,,https://www.adventure-treff.de/forum/topic/7387,http://www.adventure-treff.de/forum/viewtopic.php?t=7387,https://www.youtube.com/watch?v=a-6zWMJJcyM&list=PLF3YnSazju8E_2kO3nKy7oloZHG80C5l5&index=53
MMM-Episodenführer,Episode 34: Helden des Tages,,http://wiki.maniac-mansion-mania.de/wiki/Helden_des_Tages,,https://www.adventure-treff.de/forum/topic/7396,http://www.adventure-treff.de/forum/viewtopic.php?t=7396,https://www.youtube.com/watch?v=uBYrw6VElzw&list=PLF3YnSazju8E_2kO3nKy7oloZHG80C5l5&index=54
MMM-Episodenführer,Episode 35: Weggebeamt,,http://wiki.maniac-mansion-mania.de/wiki/Weggebeamt,,https://www.adventure-treff.de/forum/topic/7530,http://www.adventure-treff.de/forum/viewtopic.php?t=7530,https://www.youtube.com/watch?v=IIya2oH-_mE&list=PLF3YnSazju8E_2kO3nKy7oloZHG80C5l5&index=55
MMM-Episodenführer,Episode 36: Der Liebesbrief,,http://wiki.maniac-mansion-mania.de/wiki/Der_Liebesbrief,,https://www.adventure-treff.de/forum/topic/7640,http://www.adventure-treff.de/forum/viewtopic.php?t=7640,https://www.youtube.com/watch?v=Aev3pjtFi0k&list=PLF3YnSazju8E_2kO3nKy7oloZHG80C5l5&index=56
MMM-Episodenführer,Episode 37: Verabredung mit Dave,https://www.maniac-mansion-mania.de/forum/index.php?topic=2825.0,http://wiki.maniac-mansion-mania.de/wiki/Verabredung_mit_Dave,,https://www.adventure-treff.de/forum/topic/8333,http://www.adventure-treff.de/forum/viewtopic.php?t=8333,https://www.youtube.com/watch?v=WNgC8cStxH0&list=PLF3YnSazju8E_2kO3nKy7oloZHG80C5l5&index=57
MMM-Episodenführer,Episode 38: Rescue Mission,https://www.maniac-mansion-mania.de/forum/index.php?topic=2306.0,http://wiki.maniac-mansion-mania.de/wiki/Rescue_Mission,,https://www.adventure-treff.de/forum/topic/8345,http://www.adventure-treff.de/forum/viewtopic.php?t=8345,https://www.youtube.com/watch?v=jVPRiPkZdVs&list=PLF3YnSazju8E_2kO3nKy7oloZHG80C5l5&index=59
MMM-Episodenführer,Episode 39: Erinnerungen,https://www.maniac-mansion-mania.de/forum/index.php?topic=2127.0,http://wiki.maniac-mansion-mania.de/wiki/Erinnerungen,,https://www.adventure-treff.de/forum/topic/8378,http://www.adventure-treff.de/forum/viewtopic.php?t=8378,https://www.youtube.com/watch?v=pDJCqhVLigk&list=PLF3YnSazju8E_2kO3nKy7oloZHG80C5l5&index=60
MMM-Episodenführer,Episode 40: Verflixte Türen (Version 2.05),https://www.maniac-mansion-mania.de/forum/index.php?topic=131.0,http://wiki.maniac-mansion-mania.de/wiki/Verflixte_T%C3%BCren,,https://www.adventure-treff.de/forum/topic/11096,http://www.adventure-treff.de/forum/viewtopic.php?f=16&t=11096,https://www.youtube.com/watch?v=nwaBPDJdsqc&list=PLF3YnSazju8E_2kO3nKy7oloZHG80C5l5&index=62
MMM-Episodenführer,Episode 41: Das neue Jugendschutzgesetz,https://www.maniac-mansion-mania.de/forum/index.php?topic=2497.0,http://wiki.maniac-mansion-mania.de/wiki/Das_neue_Jugendschutzgesetz,,https://www.adventure-treff.de/forum/topic/8612,http://www.adventure-treff.de/forum/viewtopic.php?t=8612,https://www.youtube.com/watch?v=aar2BgoyFJM&list=PLF3YnSazju8E_2kO3nKy7oloZHG80C5l5&index=65
MMM-Episodenführer,Episode 42: Die furchtbaren Pläne des Psycho Bernie,,http://wiki.maniac-mansion-mania.de/wiki/Die_furchtbaren_Pl%C3%A4ne_des_Psycho_Bernie,,https://www.adventure-treff.de/forum/topic/8801,http://www.adventure-treff.de/forum/viewtopic.php?t=8801,https://www.youtube.com/watch?v=jNrDPhfjZMk&list=PLF3YnSazju8E_2kO3nKy7oloZHG80C5l5&index=67
MMM-Episodenführer,"Episode 43: Vorsicht, Edna kommt!",,"http://wiki.maniac-mansion-mania.de/wiki/Vorsicht,_Edna_kommt!",,https://www.adventure-treff.de/forum/topic/8911,http://www.adventure-treff.de/forum/viewtopic.php?t=8911,https://www.youtube.com/watch?v=3i7hc1r2DTY&list=PLF3YnSazju8E_2kO3nKy7oloZHG80C5l5&index=68
MMM-Episodenführer,Episode 44: Razors großer Auftritt,https://www.maniac-mansion-mania.de/forum/index.php?topic=2821.0,http://wiki.maniac-mansion-mania.de/wiki/Razors_gro%C3%9Fer_Auftritt,,https://www.adventure-treff.de/forum/topic/9061,http://www.adventure-treff.de/forum/viewtopic.php?t=9061,https://www.youtube.com/watch?v=moRWhRuHasQ&list=PLF3YnSazju8E_2kO3nKy7oloZHG80C5l5&index=69
MMM-Episodenführer,Episode 45: Maniac Monday,,http://wiki.maniac-mansion-mania.de/wiki/Maniac_Monday,,https://www.adventure-treff.de/forum/topic/9152,http://www.adventure-treff.de/forum/viewtopic.php?t=9152,https://www.youtube.com/watch?v=VigPB-4wDEg&list=PLF3YnSazju8E_2kO3nKy7oloZHG80C5l5&index=71
MMM-Episodenführer,Episode 46: Verschollen,,http://wiki.maniac-mansion-mania.de/wiki/Verschollen,,https://www.adventure-treff.de/forum/topic/9199,http://www.adventure-treff.de/forum/viewtopic.php?t=9199,https://www.youtube.com/watch?v=Vjt6TIeTG0E&list=PLF3YnSazju8E_2kO3nKy7oloZHG80C5l5&index=72
MMM-Episodenführer,Episode 47: Maniac Ostern,https://www.maniac-mansion-mania.de/forum/index.php?topic=2510.0,http://wiki.maniac-mansion-mania.de/wiki/Maniac_Ostern,,https://www.adventure-treff.de/forum/topic/9269,http://www.adventure-treff.de/forum/viewtopic.php?t=9269,https://www.youtube.com/watch?v=50gSvLoJSHQ&list=PLF3YnSazju8E_2kO3nKy7oloZHG80C5l5&index=73
MMM-Episodenführer,Episode 48: Wendy und das Buch des Todes,https://www.maniac-mansion-mania.de/forum/index.php?topic=210.0,http://wiki.maniac-mansion-mania.de/wiki/Wendy_und_das_Buch_des_Todes,,https://www.adventure-treff.de/forum/topic/9472,http://www.adventure-treff.de/forum/viewtopic.php?t=9472,https://www.youtube.com/watch?v=-Cs6_JE0tZw&list=PLF3YnSazju8E_2kO3nKy7oloZHG80C5l5&index=74
MMM-Episodenführer,Episode 49: Clouso's Großer Coup,,http://wiki.maniac-mansion-mania.de/wiki/Clouso's_Gro%C3%9Fer_Coup,,https://www.adventure-treff.de/forum/topic/9544,http://www.adventure-treff.de/forum/viewtopic.php?t=9544,https://www.youtube.com/watch?v=69K5ZY26ags&list=PLF3YnSazju8E_2kO3nKy7oloZHG80C5l5&index=75
MMM-Episodenführer,Episode 50: Das Date 3,https://www.maniac-mansion-mania.de/forum/index.php?topic=2135.0,http://wiki.maniac-mansion-mania.de/wiki/Das_Date_3,,https://www.adventure-treff.de/forum/topic/9679,http://www.adventure-treff.de/forum/viewtopic.php?t=9679,https://www.youtube.com/watch?v=Pp5DsZqyZ3Q&list=PLF3YnSazju8E_2kO3nKy7oloZHG80C5l5&index=76
MMM-Episodenführer,Episode 51: Ortmaschine II,https://www.maniac-mansion-mania.de/forum/index.php?topic=2140.0,http://wiki.maniac-mansion-mania.de/wiki/Ortmaschine_II,,https://www.adventure-treff.de/forum/topic/9850,http://www.adventure-treff.de/forum/viewtopic.php?t=9850,https://www.youtube.com/watch?v=8vBxSpm_yEk&list=PLF3YnSazju8E_2kO3nKy7oloZHG80C5l5&index=78
MMM-Episodenführer,Episode 52: Ein irrer Tag eines Ronvillers (Version 2.0),https://www.maniac-mansion-mania.de/forum/index.php?topic=730.0,http://wiki.maniac-mansion-mania.de/wiki/Ein_irrer_Tag_eines_Ronvillers,,https://www.adventure-treff.de/forum/topic/12449,http://www.adventure-treff.de/forum/viewtopic.php?f=16&t=12449,https://www.youtube.com/watch?v=j-3hvweuYIE&list=PLF3YnSazju8E_2kO3nKy7oloZHG80C5l5&index=80
MMM-Episodenführer,Episode 53: Der Klaus schlägt zurück,https://www.maniac-mansion-mania.de/forum/index.php?topic=1017.0,http://wiki.maniac-mansion-mania.de/wiki/Der_Klaus_schl%C3%A4gt_zur%C3%BCck,,https://www.adventure-treff.de/forum/topic/10151,http://www.adventure-treff.de/forum/viewtopic.php?t=10151,https://www.youtube.com/watch?v=d2uUxDWbsTg&list=PLF3YnSazju8E_2kO3nKy7oloZHG80C5l5&index=81
MMM-Episodenführer,Episode 54: CSI:RONVILLE,,http://wiki.maniac-mansion-mania.de/wiki/CSI:Ronville,,https://www.adventure-treff.de/forum/topic/10289,http://www.adventure-treff.de/forum/viewtopic.php?t=10289,https://www.youtube.com/watch?v=lUlV-vdgt_M&list=PLF3YnSazju8E_2kO3nKy7oloZHG80C5l5&index=83
MMM-Episodenführer,Episode 55: Hamsters of the mysterious man: Chapter of dream,https://www.maniac-mansion-mania.de/forum/index.php?topic=53.0,http://wiki.maniac-mansion-mania.de/wiki/Hamsters_of_the_mysterious_man:_Chapter_of_dream,,https://www.adventure-treff.de/forum/topic/10755,http://www.adventure-treff.de/forum/viewtopic.php?t=10755,https://www.youtube.com/watch?v=xdlewa2R9DY&list=PLF3YnSazju8E_2kO3nKy7oloZHG80C5l5&index=84
MMM-Episodenführer,Episode 56: Grotten-Urlaub,https://www.maniac-mansion-mania.de/forum/index.php?topic=159.0,http://wiki.maniac-mansion-mania.de/wiki/Grotten-Urlaub,,https://www.adventure-treff.de/forum/topic/11164,http://www.adventure-treff.de/forum/viewtopic.php?t=11164,https://www.youtube.com/watch?v=uZ_Tt03IF14&list=PLF3YnSazju8E_2kO3nKy7oloZHG80C5l5&index=85
MMM-Episodenführer,Episode 57: Der komplizierte Ausflug,https://www.maniac-mansion-mania.de/forum/index.php?topic=243.0,http://wiki.maniac-mansion-mania.de/wiki/Der_komplizierte_Ausflug,,https://www.adventure-treff.de/forum/topic/11861,http://www.adventure-treff.de/forum/viewtopic.php?f=16&t=11861,https://www.youtube.com/watch?v=MvKPeqm0NbQ&list=PLF3YnSazju8E_2kO3nKy7oloZHG80C5l5&index=86
MMM-Episodenführer,Episode 58: The People´s Court,https://www.maniac-mansion-mania.de/forum/index.php?topic=283.0,http://wiki.maniac-mansion-mania.de/wiki/The_People's_Court,,https://www.adventure-treff.de/forum/topic/11484,http://www.adventure-treff.de/forum/viewtopic.php?t=11484,https://www.youtube.com/watch?v=6cJWRH7d3zk&list=PLF3YnSazju8E_2kO3nKy7oloZHG80C5l5&index=87
MMM-Episodenführer,Episode 59: Computerliebe,https://www.maniac-mansion-mania.de/forum/index.php?topic=362.0,http://wiki.maniac-mansion-mania.de/wiki/Computerliebe,,https://www.adventure-treff.de/forum/topic/11740,http://www.adventure-treff.de/forum/viewtopic.php?f=16&t=11740,https://www.youtube.com/watch?v=TvEsXI9p5zU&list=PLF3YnSazju8E_2kO3nKy7oloZHG80C5l5&index=88
MMM-Episodenführer,Episode 60: Jahrmarkt der Verdammten,https://www.maniac-mansion-mania.de/forum/index.php?topic=376.0,http://wiki.maniac-mansion-mania.de/wiki/Jahrmarkt_der_Verdammten,,https://www.adventure-treff.de/forum/topic/11777,http://www.adventure-treff.de/forum/viewtopic.php?f=16&t=11777,https://www.youtube.com/watch?v=AR1XvDsUG9I&list=PLF3YnSazju8E_2kO3nKy7oloZHG80C5l5&index=89
MMM-Episodenführer,Episode 61: Bernards Room,https://www.maniac-mansion-mania.de/forum/index.php?topic=446.0,http://wiki.maniac-mansion-mania.de/wiki/Bernards_Room,,https://www.adventure-treff.de/forum/topic/11891,http://www.adventure-treff.de/forum/viewtopic.php?f=16&t=11891,https://www.youtube.com/watch?v=KN_vPKNQHl8&list=PLF3YnSazju8E_2kO3nKy7oloZHG80C5l5&index=91
MMM-Episodenführer,Episode 62: Bernard gegen Berthold,http://www.maniac-mansion-mania.de/forum/index.php?topic=432.0,http://wiki.maniac-mansion-mania.de/wiki/Bernard_gegen_Berthold,,,,https://www.youtube.com/watch?v=90fLYudrua0&list=PLF3YnSazju8E_2kO3nKy7oloZHG80C5l5&index=93
MMM-Episodenführer,Episode 63: Books - Deals unter Nachbarn,https://www.maniac-mansion-mania.de/forum/index.php?topic=510.0,http://wiki.maniac-mansion-mania.de/wiki/Books-Deals_unter_Nachbarn,,https://www.adventure-treff.de/forum/topic/12043,http://www.adventure-treff.de/forum/viewtopic.php?f=16&t=12043,https://www.youtube.com/watch?v=r5ffpXRu1Ok&list=PLF3YnSazju8E_2kO3nKy7oloZHG80C5l5&index=94
MMM-Episodenführer,Episode 64: Baranoia,https://www.maniac-mansion-mania.de/forum/index.php?topic=517.0,http://wiki.maniac-mansion-mania.de/wiki/Baranoia,,https://www.adventure-treff.de/forum/topic/12047,http://www.adventure-treff.de/forum/viewtopic.php?f=16&t=12047,https://www.youtube.com/watch?v=tohRaqINLRQ&list=PLF3YnSazju8E_2kO3nKy7oloZHG80C5l5&index=95
MMM-Episodenführer,Episode 65: Save Smiley!,https://www.maniac-mansion-mania.de/forum/index.php?topic=530.0,http://wiki.maniac-mansion-mania.de/wiki/Save_Smiley!,,https://www.adventure-treff.de/forum/topic/12098,http://www.adventure-treff.de/forum/viewtopic.php?f=16&t=12098,https://www.youtube.com/watch?v=snesip3zroU&list=PLF3YnSazju8E_2kO3nKy7oloZHG80C5l5&index=96
MMM-Episodenführer,Episode 66: Hoagies neuer Freund,https://www.maniac-mansion-mania.de/forum/index.php?topic=532.0,http://wiki.maniac-mansion-mania.de/wiki/Hoagies_neuer_Freund,,https://www.adventure-treff.de/forum/topic/12100,http://www.adventure-treff.de/forum/viewtopic.php?f=16&t=12100,https://www.youtube.com/watch?v=narSZwtiN5A&list=PLF3YnSazju8E_2kO3nKy7oloZHG80C5l5&index=97
MMM-Episodenführer,Episode 67: Die Schöne und das Biest,https://www.maniac-mansion-mania.de/forum/index.php?topic=658.0,http://wiki.maniac-mansion-mania.de/wiki/Die_Sch%C3%B6ne_und_das_Biest,,https://www.adventure-treff.de/forum/topic/12366,http://www.adventure-treff.de/forum/viewtopic.php?f=16&t=12366,https://www.youtube.com/watch?v=_kK-HJq97UU&list=PLF3YnSazju8E_2kO3nKy7oloZHG80C5l5&index=99
MMM-Episodenführer,Episode 68: MaMMa ante Portas,https://www.maniac-mansion-mania.de/forum/index.php?topic=693.0,http://wiki.maniac-mansion-mania.de/wiki/MaMMa_ante_Portas,,https://www.adventure-treff.de/forum/topic/12397,http://www.adventure-treff.de/forum/viewtopic.php?f=16&t=12397,https://www.youtube.com/watch?v=Na7BmiFk6N0&list=PLF3YnSazju8E_2kO3nKy7oloZHG80C5l5&index=100
MMM-Episodenführer,Episode 69: Samstag,https://www.maniac-mansion-mania.de/forum/index.php?topic=703.0,http://wiki.maniac-mansion-mania.de/wiki/Samstag,,https://www.adventure-treff.de/forum/topic/12406,http://www.adventure-treff.de/forum/viewtopic.php?f=16&t=12406,https://www.youtube.com/watch?v=KEObsICOykQ&list=PLF3YnSazju8E_2kO3nKy7oloZHG80C5l5&index=101
MMM-Episodenführer,Episode 70: Maniac Mansion Begins,https://www.maniac-mansion-mania.de/forum/index.php?topic=713.0,http://wiki.maniac-mansion-mania.de/wiki/Maniac_Mansion_Begins,,https://www.adventure-treff.de/forum/topic/12413,http://www.adventure-treff.de/forum/viewtopic.php?f=16&t=12413,https://www.youtube.com/watch?v=DiApXKVudOM&list=PLF3YnSazju8E_2kO3nKy7oloZHG80C5l5&index=102
MMM-Episodenführer,Episode 71: Neue Abenteuer auf Terra,https://www.maniac-mansion-mania.de/forum/index.php?topic=719.0,http://wiki.maniac-mansion-mania.de/wiki/Neue_Abenteuer_auf_Terra,,https://www.adventure-treff.de/forum/topic/12431,http://www.adventure-treff.de/forum/viewtopic.php?f=16&t=12431,https://www.youtube.com/watch?v=dewSFWZSJYg&list=PLF3YnSazju8E_2kO3nKy7oloZHG80C5l5&index=104
MMM-Episodenführer,Episode 72: Mindbending TV,https://www.maniac-mansion-mania.de/forum/index.php?topic=960.0,http://wiki.maniac-mansion-mania.de/wiki/Mindbending_TV,,https://www.adventure-treff.de/forum/topic/13451,http://www.adventure-treff.de/forum/viewtopic.php?f=16&t=13451,https://www.youtube.com/watch?v=rtbghs_s90U&list=PLF3YnSazju8E_2kO3nKy7oloZHG80C5l5&index=105
MMM-Episodenführer,Episode 73: Even a broken clock,https://www.maniac-mansion-mania.de/forum/index.php?topic=1019.0,http://wiki.maniac-mansion-mania.de/wiki/Even_a_broken_clock,,https://www.adventure-treff.de/forum/topic/13902,http://www.adventure-treff.de/forum/viewtopic.php?f=16&t=13902,https://www.youtube.com/watch?v=Aabp_C8y5DI&list=PLF3YnSazju8E_2kO3nKy7oloZHG80C5l5&index=106
MMM-Episodenführer,Episode 74: Ted Edison and the Curse of King Rooten Tooten,https://www.maniac-mansion-mania.de/forum/index.php?topic=1053.0,http://wiki.maniac-mansion-mania.de/wiki/Ted_Edison_and_the_Curse_of_King_RootenTooten,,https://www.adventure-treff.de/forum/topic/14010,http://www.adventure-treff.de/forum/viewtopic.php?f=16&t=14010,https://www.youtube.com/watch?v=tgj9t4-zmmI&list=PLF3YnSazju8E_2kO3nKy7oloZHG80C5l5&index=107
MMM-Episodenführer,Episode 75: Das Necronomicon,https://www.maniac-mansion-mania.de/forum/index.php?topic=1091.0,http://wiki.maniac-mansion-mania.de/wiki/Das_Necronomicon,,https://www.adventure-treff.de/forum/topic/14248,http://www.adventure-treff.de/forum/viewtopic.php?f=16&t=14248,https://www.youtube.com/watch?v=9QW5puUvA2A&list=PLF3YnSazju8E_2kO3nKy7oloZHG80C5l5&index=108
MMM-Episodenführer,Episode 76: The Bernoulli-Show,https://www.maniac-mansion-mania.de/forum/index.php?topic=1224.0,http://wiki.maniac-mansion-mania.de/wiki/The_Bernoulli-Show,,https://www.adventure-treff.de/forum/topic/15223,http://www.adventure-treff.de/forum/viewtopic.php?f=16&t=15223,https://www.youtube.com/watch?v=cpECJzkBemA&list=PLF3YnSazju8E_2kO3nKy7oloZHG80C5l5&index=109
MMM-Episodenführer,Episode 77: Schwer verquer,https://www.maniac-mansion-mania.de/forum/index.php?topic=1235.0,http://wiki.maniac-mansion-mania.de/wiki/Schwer_verquer,,https://www.adventure-treff.de/forum/topic/15381,http://www.adventure-treff.de/forum/viewtopic.php?f=16&t=15381,https://www.youtube.com/watch?v=MHdXD6o6fME&list=PLF3YnSazju8E_2kO3nKy7oloZHG80C5l5&index=110
MMM-Episodenführer,Episode 78: Dumm geholfen,https://www.maniac-mansion-mania.de/forum/index.php?topic=1275.0,http://wiki.maniac-mansion-mania.de/wiki/Dumm_geholfen,,https://www.adventure-treff.de/forum/topic/15685,http://www.adventure-treff.de/forum/viewtopic.php?f=16&t=15685,https://www.youtube.com/watch?v=c6D-XUvBWGA&list=PLF3YnSazju8E_2kO3nKy7oloZHG80C5l5&index=112
MMM-Episodenführer,Episode 79: Der Wunsch-O-Mat,https://www.maniac-mansion-mania.de/forum/index.php?topic=1560.0,http://wiki.maniac-mansion-mania.de/wiki/Der_Wunsch-O-Mat,,https://www.adventure-treff.de/forum/topic/17010,http://www.adventure-treff.de/forum/viewtopic.php?f=16&t=17010,https://www.youtube.com/watch?v=2WrMdPK1DtA&list=PLF3YnSazju8E_2kO3nKy7oloZHG80C5l5&index=113
MMM-Episodenführer,Episode 80: Spiel des Lebens,https://www.maniac-mansion-mania.de/forum/index.php?topic=1725.0,http://wiki.maniac-mansion-mania.de/wiki/Spiel_des_Lebens,,https://www.adventure-treff.de/forum/topic/17523,http://www.adventure-treff.de/forum/viewtopic.php?f=16&t=17523,https://www.youtube.com/watch?v=WCP6YiR1AyY&list=PLF3YnSazju8E_2kO3nKy7oloZHG80C5l5&index=114
MMM-Episodenführer,Episode 81: Bernard bricht aus!,https://www.maniac-mansion-mania.de/forum/index.php?topic=1812.0,http://wiki.maniac-mansion-mania.de/wiki/Bernard_bricht_aus,,https://www.adventure-treff.de/forum/topic/17834,http://www.adventure-treff.de/forum/viewtopic.php?f=16&t=17834,https://www.youtube.com/watch?v=6FSldSPAH7g&list=PLF3YnSazju8E_2kO3nKy7oloZHG80C5l5&index=116
MMM-Episodenführer,Episode 82: Freundin mit Hindernissen,http://www.maniac-mansion-mania.de/forum/index.php?topic=1842.0,http://wiki.maniac-mansion-mania.de/wiki/Freundin_mit_Hindernissen,,,,https://www.youtube.com/watch?v=b9GViZptzMU&list=PLF3YnSazju8E_2kO3nKy7oloZHG80C5l5&index=117
MMM-Episodenführer,Episode 83: Chasing Hoagie,https://www.maniac-mansion-mania.de/forum/index.php?topic=1903.0,http://wiki.maniac-mansion-mania.de/wiki/Chasing_Hoagie,,https://www.adventure-treff.de/forum/topic/18260,http://www.adventure-treff.de/forum/viewtopic.php?f=16&t=18260,https://www.youtube.com/watch?v=SlMhBUbriQA&list=PLF3YnSazju8E_2kO3nKy7oloZHG80C5l5&index=118
MMM-Episodenführer,Episode 84: Surf'n'Ronville,http://www.maniac-mansion-mania.de/forum/index.php?topic=1904.0,http://wiki.maniac-mansion-mania.de/wiki/Surf%22n%22Ronville,,,,https://www.youtube.com/watch?v=NmNSF41C45g&list=PLF3YnSazju8E_2kO3nKy7oloZHG80C5l5&index=119
MMM-Episodenführer,Episode 85: Freundin mit Hindernissen - Part 2,http://www.maniac-mansion-mania.de/forum/index.php?topic=1961.0,http://wiki.maniac-mansion-mania.de/wiki/Freundin_mit_Hindernissen_Part_2,,,,https://www.youtube.com/watch?v=KJt8HV1yOfs&list=PLF3YnSazju8E_2kO3nKy7oloZHG80C5l5&index=121
MMM-Episodenführer,Episode 86: Bernard bekommt Besuch,http://www.maniac-mansion-mania.de/forum/index.php?topic=1992.0,http://wiki.maniac-mansion-mania.de/wiki/Bernard_bekommt_Besuch,,,,https://www.youtube.com/watch?v=o0OV8jW2ArA&list=PLF3YnSazju8E_2kO3nKy7oloZHG80C5l5&index=122
MMM-Episodenführer,Episode 87: Das Geheimnis des Blakes Hotel von Ronville,http://www.maniac-mansion-mania.de/forum/index.php?topic=2014.0,http://wiki.maniac-mansion-mania.de/wiki/Das_Geheimnis_des_Blakes_Hotel,,,,https://www.youtube.com/watch?v=xQBkBtvO5bw&list=PLF3YnSazju8E_2kO3nKy7oloZHG80C5l5&index=123
MMM-Episodenführer,Episode 88: Der alltägliche Wahnsinn,http://www.maniac-mansion-mania.de/forum/index.php?topic=2129.0,http://wiki.maniac-mansion-mania.de/wiki/Der_allt%C3%A4gliche_Wahnsinn,,,,https://www.youtube.com/watch?v=u4z3Yv4Arf8&list=PLF3YnSazju8E_2kO3nKy7oloZHG80C5l5&index=124
MMM-Episodenführer,Episode 89: Der Weltrettungsalgorithmus - Die neue Version,https://www.maniac-mansion-mania.de/forum/index.php?topic=2200.0,http://wiki.maniac-mansion-mania.de/wiki/Der_Weltrettungsalgorithmus,,https://www.adventure-treff.de/forum/topic/20673,http://www.adventure-treff.de/forum/viewtopic.php?f=16&t=20673,https://www.youtube.com/watch?v=7aQaNgaZeFM&list=PLF3YnSazju8E_2kO3nKy7oloZHG80C5l5&index=125
MMM-Episodenführer,Episode 90: Kofferpacken,https://www.maniac-mansion-mania.de/forum/index.php?topic=2328.0,http://wiki.maniac-mansion-mania.de/wiki/Kofferpacken,,https://www.adventure-treff.de/forum/topic/21782,http://www.adventure-treff.de/forum/viewtopic.php?f=16&t=21782,https://www.youtube.com/watch?v=bCUGkja5sTI&list=PLF3YnSazju8E_2kO3nKy7oloZHG80C5l5&index=126
MMM-Episodenführer,Episode 91: Fels in der Brandung,https://www.maniac-mansion-mania.de/forum/index.php?topic=2345.0,http://wiki.maniac-mansion-mania.de/wiki/Fels_in_der_Brandung,,https://www.adventure-treff.de/forum/topic/21953,http://www.adventure-treff.de/forum/viewtopic.php?f=16&t=21953,https://www.youtube.com/watch?v=QVEKv-QO64o&list=PLF3YnSazju8E_2kO3nKy7oloZHG80C5l5&index=129
MMM-Episodenführer,Episode 92: Projekt False Start,http://www.maniac-mansion-mania.de/forum/index.php?topic=2367.0,http://wiki.maniac-mansion-mania.de/wiki/Project_False_Start,,,,https://www.youtube.com/watch?v=d7v2CNUq8z8&list=PLF3YnSazju8E_2kO3nKy7oloZHG80C5l5&index=130
MMM-Episodenführer,Episode 93: Murder at the Moonshine Mansion,https://www.maniac-mansion-mania.de/forum/index.php?topic=2373.0,http://wiki.maniac-mansion-mania.de/wiki/Murder_at_the_Moonshine_Mansion,,https://www.adventure-treff.de/forum/topic/22114,http://www.adventure-treff.de/forum/viewtopic.php?f=16&t=22114,https://www.youtube.com/watch?v=Kzix7wNcdxA&list=PLF3YnSazju8E_2kO3nKy7oloZHG80C5l5&index=131
MMM-Episodenführer,Episode 94: Maniac on the Mississippi,https://www.maniac-mansion-mania.de/forum/index.php?topic=2439.0,http://wiki.maniac-mansion-mania.de/wiki/Maniac_on_the_Mississippi,,https://www.adventure-treff.de/forum/topic/22636,http://www.adventure-treff.de/forum/viewtopic.php?f=16&t=22636,https://www.youtube.com/watch?v=dlYt7GmGrrc&list=PLF3YnSazju8E_2kO3nKy7oloZHG80C5l5&index=132
MMM-Episodenführer,Episode 95: Britney's Escape,http://www.maniac-mansion-mania.de/forum/index.php?topic=2251.0,http://wiki.maniac-mansion-mania.de/wiki/Britney's_Flucht,,,,https://www.youtube.com/watch?v=Hi6Oh0PziZs&list=PLF3YnSazju8E_2kO3nKy7oloZHG80C5l5&index=133
MMM-Episodenführer,Episode 96: Dave's Home Odyssey,http://www.maniac-mansion-mania.de/forum/index.php?topic=2573.0,http://wiki.maniac-mansion-mania.de/wiki/Dave's_Home_Odyssey,,,,https://www.youtube.com/watch?v=Din0jBLxSss&list=PLF3YnSazju8E_2kO3nKy7oloZHG80C5l5&index=136
MMM-Episodenführer,Episode 97: Tollhaus Weihnachten,http://www.maniac-mansion-mania.de/forum/index.php?topic=2586.0,http://wiki.maniac-mansion-mania.de/wiki/Tollhaus_Weihnachten,,,,https://www.youtube.com/watch?v=_Vtaxnjl8EQ&list=PLF3YnSazju8E_2kO3nKy7oloZHG80C5l5&index=137
MMM-Episodenführer,Episode 98: Maniac Apartment,http://www.maniac-mansion-mania.de/forum/index.php?topic=2597,http://wiki.maniac-mansion-mania.de/wiki/Maniac_Apartment,,,,https://www.youtube.com/watch?v=lbVn9PHj_ts&list=PLF3YnSazju8E_2kO3nKy7oloZHG80C5l5&index=138
MMM-Episodenführer,Episode 99: Die Premiere,https://www.maniac-mansion-mania.de/forum/index.php?topic=2598.0,http://wiki.maniac-mansion-mania.de/wiki/Die_Premiere,,,,https://www.youtube.com/watch?v=h9zA4iu10Lk&list=PLF3YnSazju8E_2kO3nKy7oloZHG80C5l5&index=140
MMM-Episodenführer,Episode 100: Money Mansion,https://www.maniac-mansion-mania.de/forum/index.php?topic=2653,http://wiki.maniac-mansion-mania.de/wiki/Money_Mansion,,,,https://www.youtube.com/watch?v=_5u8kOAXobg&list=PLF3YnSazju8E_2kO3nKy7oloZHG80C5l5&index=141
MMM-Episodenführer,Episode 101: Mit anderen Augen,https://www.maniac-mansion-mania.de/forum/index.php?topic=2736.0,http://wiki.maniac-mansion-mania.de/wiki/Mit_anderen_Augen,,,,https://www.youtube.com/watch?v=FmFZMhUqz0o&list=PLF3YnSazju8E_2kO3nKy7oloZHG80C5l5&index=143
MMM-Episodenführer,Episode 102: Michaels Nacht,https://www.maniac-mansion-mania.de/forum/index.php?topic=2835.0,,,,,https://www.youtube.com/watch?v=XCRXqR2PdCU&list=PLF3YnSazju8E_2kO3nKy7oloZHG80C5l5&index=144
Mini Episoden,Mini Masterpieces,,,,,,
Mini Episoden,MMMMM #1 - Eds Paket,https://www.maniac-mansion-mania.de/forum/index.php?topic=2394.0,http://wiki.maniac-mansion-mania.de/wiki/Eds_Paket,,,,https://www.youtube.com/watch?v=ISGQ2_KrvT8&list=PLF3YnSazju8E6vEfW_2HpdS-EvYo8dL01&index=2&pp=iAQB
Mini Episoden,MMMMM #2 - Wendy im finsteren Keller (Version 2.0),https://www.maniac-mansion-mania.de/forum/index.php?topic=2407.0,http://wiki.maniac-mansion-mania.de/wiki/Wendy_im_finsteren_Keller,,,,https://www.youtube.com/watch?v=Tln5zAj7XjY&list=PLF3YnSazju8E6vEfW_2HpdS-EvYo8dL01&index=9&pp=iAQB
Mini Episoden,MMMMM #3: Harrys verwegener Tag,https://www.maniac-mansion-mania.de/forum/index.php?topic=2438.0,,,," ",https://www.youtube.com/watch?v=6-8QJBc7-w0&list=PLF3YnSazju8E6vEfW_2HpdS-EvYo8dL01&index=5&pp=iAQB0gcJCQMLAYcqIYzv
Mini Episoden,MMMMM #4 Bertholds Rückkehr,https://www.maniac-mansion-mania.de/forum/index.php?topic=2668.0,http://wiki.maniac-mansion-mania.de/wiki/Bertholds_R%C3%BCckkehr,,," ",https://www.youtube.com/watch?v=VrmXieaaa9I&list=PLF3YnSazju8E6vEfW_2HpdS-EvYo8dL01&index=6&pp=iAQB
Mini Episoden,MMMMM #5: Marcys Bestimmung,https://www.maniac-mansion-mania.de/forum/index.php?topic=2674.0,http://wiki.maniac-mansion-mania.de/wiki/Marcys_Bestimmung,,," ",https://www.youtube.com/watch?v=Y-d9sFD7QcY&list=PLF3YnSazju8E6vEfW_2HpdS-EvYo8dL01&index=8&pp=iAQB
Maniac Dungeon,Maniac Dungeon-Special,https://www.maniac-mansion-mania.de/forum/index.php?topic=1299.0,,,https://www.adventure-treff.de/forum/topic/10729,http://www.adventure-treff.de/forum/viewtopic.php?f=16&t=10729,https://www.youtube.com/watch?v=FouMxpS91yc&list=PLF3YnSazju8E0A-CEFAJHF-YLPfltjCcs
Maniac Dungeon,Raum 1: The great Escape from Maniac Dungeon,,http://wiki.maniac-mansion-mania.de/wiki/The_great_Escape_from_Maniac_Dungeon,,," ",https://www.youtube.com/watch?v=FouMxpS91yc&list=PLF3YnSazju8E0A-CEFAJHF-YLPfltjCcs&index=1
Maniac Dungeon,Raum 2: Der Bunker," ",http://wiki.maniac-mansion-mania.de/wiki/Der_Bunker,,,,https://www.youtube.com/watch?v=kjO-ofeg46Y&list=PLF3YnSazju8E0A-CEFAJHF-YLPfltjCcs&index=2
Maniac Dungeon,Raum 3: Der Verbindungstunnel," ",http://wiki.maniac-mansion-mania.de/wiki/Der_Verbindungstunnel,,,,https://www.youtube.com/watch?v=gZpEVukMkOY&list=PLF3YnSazju8E0A-CEFAJHF-YLPfltjCcs&index=3
Maniac Dungeon,Raum 4: Die Grotte," ",http://wiki.maniac-mansion-mania.de/wiki/Die_Grotte,,,,https://www.youtube.com/watch?v=K9RCM4apA0U&list=PLF3YnSazju8E0A-CEFAJHF-YLPfltjCcs&index=4
Maniac Dungeon,Raum 5: Tief unter der Erde," ",http://wiki.maniac-mansion-mania.de/wiki/Tief_unter_der_Erde,,,,https://www.youtube.com/watch?v=kgJpIao7PV4&list=PLF3YnSazju8E0A-CEFAJHF-YLPfltjCcs&index=5
Maniac Dungeon,Raum 6: The Race," ",http://wiki.maniac-mansion-mania.de/wiki/The_Race,,,,https://www.youtube.com/watch?v=1WAx42EF8rQ&list=PLF3YnSazju8E0A-CEFAJHF-YLPfltjCcs&index=6
Maniac Dungeon,Raum 7: Das unheimliche Wesen aus einem fremden Raum," ",http://wiki.maniac-mansion-mania.de/wiki/Das_unheimliche_Wesen_aus_einem_fremden_Raum,,,,https://www.youtube.com/watch?v=MclZq03DH5I&list=PLF3YnSazju8E0A-CEFAJHF-YLPfltjCcs&index=7
Maniac Dungeon,Raum 8: Die Brücke," ",http://wiki.maniac-mansion-mania.de/wiki/Die_Br%C3%BCcke,,,,https://www.youtube.com/watch?v=6pnCcSwtV28&list=PLF3YnSazju8E0A-CEFAJHF-YLPfltjCcs&index=9
Maniac Dungeon,"Raum 9: Und dann gab's wirklich, echt überhaupt gar keins mehr, ehrlich!"," ",http://wiki.maniac-mansion-mania.de/wiki/Und_dann_gab%27s_wirklich_echt_%C3%BCberhaupt_gar_keins_mehr_ehrlich!,,,,https://www.youtube.com/watch?v=pbrmNxePgAw&list=PLF3YnSazju8E0A-CEFAJHF-YLPfltjCcs&index=10
Maniac Dungeon,Raum 10: Die neue Gefahr," ",http://wiki.maniac-mansion-mania.de/wiki/Die_neue_Gefahr,,,,https://www.youtube.com/watch?v=enFXBW_32Z8&list=PLF3YnSazju8E0A-CEFAJHF-YLPfltjCcs&index=11
Maniac Dungeon,Raum 11: Die vergrabene Gruft," ",http://wiki.maniac-mansion-mania.de/wiki/Die_vergrabene_Gruft,,,,https://www.youtube.com/watch?v=qub3LG9fEV4&list=PLF3YnSazju8E0A-CEFAJHF-YLPfltjCcs&index=12
Maniac Dungeon,Raum 12: Die Holozelle," ",http://wiki.maniac-mansion-mania.de/wiki/Die_Holozelle,,,,https://www.youtube.com/watch?v=V4I92Enggzc&list=PLF3YnSazju8E0A-CEFAJHF-YLPfltjCcs&index=13
Maniac Dungeon,Raum 13: Der Trockenraum," ",http://wiki.maniac-mansion-mania.de/wiki/Der_Trockenraum,,,,https://www.youtube.com/watch?v=OO6GHK_Js8U&list=PLF3YnSazju8E0A-CEFAJHF-YLPfltjCcs&index=14
Maniac Dungeon,Raum 14: Vor der Tür," ",http://wiki.maniac-mansion-mania.de/wiki/Vor_der_T%C3%BCr,,,,https://www.youtube.com/watch?v=fKts2B6BXIM&list=PLF3YnSazju8E0A-CEFAJHF-YLPfltjCcs&index=15
Maniac Dungeon,Raum 15: Die unterirdische Kulturstätte," ",http://wiki.maniac-mansion-mania.de/wiki/Die_unterirdische_Kulturst%C3%A4tte,,,,https://www.youtube.com/watch?v=xihq32Djpa8&list=PLF3YnSazju8E0A-CEFAJHF-YLPfltjCcs&index=16
Maniac Dungeon,Raum 16: Die U-Bahn-Station," ",http://wiki.maniac-mansion-mania.de/wiki/Die_U-Bahn-Station,,,,https://www.youtube.com/watch?v=xihq32Djpa8&list=PLF3YnSazju8E0A-CEFAJHF-YLPfltjCcs&index=16
Maniac Dungeon,Raum 17: Wahnsinnsfahrt im Geisterzug," ",http://wiki.maniac-mansion-mania.de/wiki/Wahnsinnsfahrt_im_Geisterzug,,,,https://www.youtube.com/watch?v=hGyhEtX_oIM&list=PLF3YnSazju8E0A-CEFAJHF-YLPfltjCcs&index=18
Maniac Dungeon,Raum 18: Die perfekte Welle," ",http://wiki.maniac-mansion-mania.de/wiki/Die_perfekte_Welle,,,,https://www.youtube.com/watch?v=m6jE66ejYyM&list=PLF3YnSazju8E0A-CEFAJHF-YLPfltjCcs&index=19
Maniac Dungeon,Raum 19: Weihnachts-Edition," ",http://wiki.maniac-mansion-mania.de/wiki/Weihnachts-Edition,,,,https://www.youtube.com/watch?v=-lNiq6iA6o4&list=PLF3YnSazju8E0A-CEFAJHF-YLPfltjCcs&index=20
Maniac Dungeon,Raum 20: Die Pharaonen-Grabkammer," ",http://wiki.maniac-mansion-mania.de/wiki/Die_Pharaonen-Grabkammer,,,,https://www.youtube.com/watch?v=lzCVwE5dpnk&list=PLF3YnSazju8E0A-CEFAJHF-YLPfltjCcs&index=21
Maniac Dungeon,Raum 21: Durch Raum (21) und Zeit," ",http://wiki.maniac-mansion-mania.de/wiki/Durch_Raum_(21)_und_Zeit,,,,https://www.youtube.com/watch?v=0MHN9yWorM4&list=PLF3YnSazju8E0A-CEFAJHF-YLPfltjCcs&index=22
Maniac Dungeon,Raum 22: Unter Affen," ",http://wiki.maniac-mansion-mania.de/wiki/Unter_Affen,,,,https://www.youtube.com/watch?v=fYvi0GwSg9w&list=PLF3YnSazju8E0A-CEFAJHF-YLPfltjCcs&index=23
Maniac Dungeon,Raum 23: (R)ausgefallen," ",,,,,https://www.youtube.com/watch?v=c0wge2nTPig&list=PLF3YnSazju8E0A-CEFAJHF-YLPfltjCcs&index=24
MMM-Packs,Pack 1: Episoden 1 - 50,,,,https://www.adventure-treff.de/forum/topic/11287,http://www.adventure-treff.de/forum/viewtopic.php?t=11287
MMM-Packs,Pack 2: Episoden 51 - x,,,,https://www.adventure-treff.de/forum/topic/11781,http://www.adventure-treff.de/forum/viewtopic.php?t=11781
Halloween-Special,Episode H05-1: Halloween Special 2005,https://web.archive.org/web/20060208113515/https://maniacmansion.microspace.ch/halloween2005.htm,http://wiki.maniac-mansion-mania.de/wiki/Ohne_Titel,,,,https://www.youtube.com/watch?v=EuzmqTKkaYc&list=PLF3YnSazju8H4Rc-lY6Ccp3E8nz34OJuh&index=1&t=1106s&pp=iAQB
Halloween-Special,Episode H05-2: Escape from Maniac Mansion,,http://wiki.maniac-mansion-mania.de/wiki/Escape_from_Maniac_Mansion,,,,https://www.youtube.com/watch?v=ODhlwBVXGjg&list=PLF3YnSazju8H4Rc-lY6Ccp3E8nz34OJuh&index=2&pp=iAQB
Halloween-Special,Episode H05-3: Day of the Dead,,http://wiki.maniac-mansion-mania.de/wiki/Day_of_the_Dead,,,,https://www.youtube.com/watch?v=LGIIqhJmEOY&list=PLF3YnSazju8H4Rc-lY6Ccp3E8nz34OJuh&index=3&pp=iAQB
Halloween-Special,Episode H05-4: MMM-HORROR,,http://wiki.maniac-mansion-mania.de/wiki/MMM-Horror,,,,https://www.youtube.com/watch?v=oxyRiz37CV8&list=PLF3YnSazju8H4Rc-lY6Ccp3E8nz34OJuh&index=4&pp=iAQB
Halloween-Special,Episode H05-5: REDRUM - Wer ist der Mörder,,http://wiki.maniac-mansion-mania.de/wiki/Redrum,,,,https://www.youtube.com/watch?v=xHirXiHbKFo&list=PLF3YnSazju8H4Rc-lY6Ccp3E8nz34OJuh&index=5&pp=iAQB
Halloween-Special,Episode H06-1: The Curse of Maniac Mansion,,http://wiki.maniac-mansion-mania.de/wiki/The_Curse_of_Maniac_Mansion,,https://www.adventure-treff.de/forum/topic/10629,http://www.adventure-treff.de/forum/viewtopic.php?t=10629,https://www.youtube.com/watch?v=NpneJE8nH8g&list=PLF3YnSazju8H4Rc-lY6Ccp3E8nz34OJuh&index=6&pp=iAQB
Halloween-Special,Episode H06-2: Häää," ich glaub ich spinne!!!",,http://wiki.maniac-mansion-mania.de/wiki/H%C3%A4%3F_Ich_glaub'_ich_spinne!,,https://www.adventure-treff.de/forum/topic/10628,http://www.adventure-treff.de/forum/viewtopic.php?t=10628,https://www.youtube.com/watch?v=zNyaGxv2LHY&list=PLF3YnSazju8H4Rc-lY6Ccp3E8nz34OJuh&index=7&pp=iAQB
Halloween-Special,Episode H10-1: Das Monster aus der Racoon Lagoon,,http://wiki.maniac-mansion-mania.de/wiki/Das_Monster_aus_der_Racoon_Lagoon,,https://www.adventure-treff.de/forum/topic/17271,http://www.adventure-treff.de/forum/viewtopic.php?f=16&t=17271&start=0,https://www.youtube.com/watch?v=IfDj58DcNZ0&list=PLF3YnSazju8H4Rc-lY6Ccp3E8nz34OJuh&index=8&pp=iAQB
Halloween-Special,Episode H10-2: TMMCMFH,,http://wiki.maniac-mansion-mania.de/wiki/TMMCMFH,,https://www.adventure-treff.de/forum/topic/17320,http://www.adventure-treff.de/forum/viewtopic.php?f=16&t=17320,https://www.youtube.com/watch?v=IphMZ4QfRGA&list=PLF3YnSazju8H4Rc-lY6Ccp3E8nz34OJuh&index=9&pp=iAQB
Halloween-Special,Episode H10-3: Und Bernard läutet zur Geisterstunde,,http://wiki.maniac-mansion-mania.de/wiki/Und_Bernard_l%C3%A4utet_zur_Geisterstunde,,https://www.adventure-treff.de/forum/topic/17338,http://www.adventure-treff.de/forum/viewtopic.php?f=16&t=17338,https://www.youtube.com/watch?v=x5OXFQYaWMI&list=PLF3YnSazju8H4Rc-lY6Ccp3E8nz34OJuh&index=10&pp=iAQB
Halloween-Special,Episode H10-4: Bad and Mad,,http://wiki.maniac-mansion-mania.de/wiki/Bad_and_Mad,,https://www.adventure-treff.de/forum/topic/17420,http://www.adventure-treff.de/forum/viewtopic.php?f=16&t=17420,https://www.youtube.com/watch?v=YoqFxudlD_0&list=PLF3YnSazju8H4Rc-lY6Ccp3E8nz34OJuh&index=11&pp=iAQB
Halloween-Special,Episode H11-1: Man stirbt nur zweimal,http://www.maniac-mansion-mania.de/forum/index.php?topic=2031.0,,,,,https://www.youtube.com/watch?v=DJXbsC3cxKg&list=PLF3YnSazju8H4Rc-lY6Ccp3E8nz34OJuh&index=12&pp=iAQB
Hollywood Special,Ronville Viper,https://www.maniac-mansion-mania.de/forum/index.php?topic=2017.0,http://wiki.maniac-mansion-mania.de/wiki/Ronville_Viper,,,,https://www.youtube.com/watch?v=SPs5zjBAfPk&list=PLF3YnSazju8H4Rc-lY6Ccp3E8nz34OJuh&index=18&pp=iAQB
Christmas-Special,A Xmas-Odysee,http://www.maniac-mansion-mania.de/forum/index.php?topic=1101.0,http://wiki.maniac-mansion-mania.de/wiki/A_Christmas_Odyssey,,,,https://www.youtube.com/watch?v=4cK6vDC9osE&list=PLF3YnSazju8H4Rc-lY6Ccp3E8nz34OJuh&index=16&pp=iAQB
Christmas-Special,Three Days Before Christmas,,http://wiki.maniac-mansion-mania.de/wiki/Three_Days_Before_Christmas,,https://www.adventure-treff.de/forum/topic/22723,http://www.adventure-treff.de/forum/viewtopic.php?f=16&t=22723,https://www.youtube.com/watch?v=ucCHaz7i7QI&list=PLF3YnSazju8H4Rc-lY6Ccp3E8nz34OJuh&index=17&pp=iAQB