kategorie,titel,link
MMM-Episodenführer,Wichtig: Download von Episoden,https://www.maniac-mansion-mania.de/forum/index.php?topic=916.0
MMM-Episodenführer,"Neues ""Tipps und Tricks"" - Forum",https://www.maniac-mansion-mania.de/forum/index.php?topic=665.0
MMM-Episodenführer,Threads zu den einzelnen Episoden (einschließlich Specials),https://www.maniac-mansion-mania.de/forum/index.php?topic=12.0
MMM-Episodenführer,Episoden-Übersicht (2026),https://www.maniac-mansion-mania.de/forum/index.php?topic=2874.0
MMM-Episodenführer,VERSCHOBEN: Episode 94 - Eds Paket,https://www.maniac-mansion-mania.de/forum/index.php?topic=2401.0
MMM-Episodenführer,Episide 86 ist fertig: Bernard bekommt Besuch,https://www.maniac-mansion-mania.de/forum/index.php?topic=1992.0
MMM-Episodenführer,VERSCHOBEN: Neue Episode: Die Verwandlung,https://www.maniac-mansion-mania.de/forum/index.php?topic=2133.0
MMM-Episodenführer,"VERSCHOBEN: Wenn ich groß bin, kommt hier meine Epi rein (Vormals Epi 83)",https://www.maniac-mansion-mania.de/forum/index.php?topic=1864.0
MMM-Episodenführer,"VERSCHOBEN: Epi84 - Hilfe, ich werd' 30.",https://www.maniac-mansion-mania.de/forum/index.php?topic=1863.0
MMM-Episodenführer,Maniac Mansion Mania Komplett-Edition (23.08.2009) 527.47 MB,https://www.maniac-mansion-mania.de/forum/index.php?topic=1249.0
MMM-Episodenführer,VERSCHOBEN: Spiel des Lebens,https://www.maniac-mansion-mania.de/forum/index.php?topic=1595.0
MMM-Episodenführer,Maniac Mansion Mania Komplett-Edition 25.06.2009,https://www.maniac-mansion-mania.de/forum/index.php?topic=1215.0
MMM-Episodenführer,VERSCHOBEN: Help wanted,https://www.maniac-mansion-mania.de/forum/index.php?topic=1106.0
MMM-Episodenführer,VERSCHOBEN: etwas übersetzt für episode3,https://www.maniac-mansion-mania.de/forum/index.php?topic=1083.0
MMM-Episodenführer,VERSCHOBEN: Welche Episoden werden in nächster Zeit fertiggestellt werden?,https://www.maniac-mansion-mania.de/forum/index.php?topic=831.0
MMM-Episodenführer,VERSCHOBEN: Episode72: Britney's Room,https://www.maniac-mansion-mania.de/forum/index.php?topic=784.0
MMM-Episodenführer,VERSCHOBEN: wie öffnet man die spiele,https://www.maniac-mansion-mania.de/forum/index.php?topic=726.0
MMM-Episodenführer,VERSCHOBEN: Grafik Auflösung ?!,https://www.maniac-mansion-mania.de/forum/index.php?topic=724.0
MMM-Episodenführer,VERSCHOBEN: DOMM - Day of Maniac Mansion,https://www.maniac-mansion-mania.de/forum/index.php?topic=466.0
MMM-Episodenführer,VERSCHOBEN: Episode 60 - Jagd auf rotes Tentakel,https://www.maniac-mansion-mania.de/forum/index.php?topic=364.0
MMM-Episodenführer,Episode 01 - Geschwisterliebe - [now speaking Russian & Italian],https://www.maniac-mansion-mania.de/forum/index.php?topic=2696.0
MMM-Episodenführer,Episode 07 - Right said Fred!?! incl. Sprachausgabe,https://www.maniac-mansion-mania.de/forum/index.php?topic=2765.0
MMM-Episodenführer,Episode 11 - Ein haariger Ausflug - [Talkie],https://www.maniac-mansion-mania.de/forum/index.php?topic=2870.0
MMM-Episodenführer,Episode 15 - Ortmaschine 1.2,https://www.maniac-mansion-mania.de/forum/index.php?topic=2139.0
MMM-Episodenführer,"Episode 16 - Reloaded - [Sprachen: D, E, I]",https://www.maniac-mansion-mania.de/forum/index.php?topic=388.0
MMM-Episodenführer,Episode 25 - Bernard stört v3.0,https://www.maniac-mansion-mania.de/forum/index.php?topic=902.0
MMM-Episodenführer,Episode 31 - Britneys Suche - [nun in Italienisch],https://www.maniac-mansion-mania.de/forum/index.php?topic=2610.0
MMM-Episodenführer,Episode 32 - The Secret of Maniac Mansion,https://www.maniac-mansion-mania.de/forum/index.php?topic=2820.0
MMM-Episodenführer,Episode 37 - Verabredung mit Dave - [Talky],https://www.maniac-mansion-mania.de/forum/index.php?topic=2825.0
MMM-Episodenführer,Episode 37 - Verabredung mit Dave - [now DEU/ITA!],https://www.maniac-mansion-mania.de/forum/index.php?topic=2661.0
MMM-Episodenführer,Episode 38 - Rescue Mission,https://www.maniac-mansion-mania.de/forum/index.php?topic=2306.0
MMM-Episodenführer,Episode 39 - Erinnerungen - [Version 1.2],https://www.maniac-mansion-mania.de/forum/index.php?topic=2127.0
MMM-Episodenführer,"Episode 40 - ""Verflixte Türen!"" Version Edit: 3.1",https://www.maniac-mansion-mania.de/forum/index.php?topic=131.0
MMM-Episodenführer,Episode 41 - Das neue Jugendschutzgesetz § 3,https://www.maniac-mansion-mania.de/forum/index.php?topic=2497.0
MMM-Episodenführer,Episode 44 - Razors grosser Auftritt,https://www.maniac-mansion-mania.de/forum/index.php?topic=2821.0
MMM-Episodenführer,Episode 47 - Maniac Ostern - [überarbeitet],https://www.maniac-mansion-mania.de/forum/index.php?topic=2510.0
MMM-Episodenführer,Episode 48 - Wendy und das Buch des Todes - [Version 2.0],https://www.maniac-mansion-mania.de/forum/index.php?topic=210.0
MMM-Episodenführer,Episode 50 - Das Date 3 v1.3,https://www.maniac-mansion-mania.de/forum/index.php?topic=2135.0
MMM-Episodenführer,Episode 51 - Ortmaschine II,https://www.maniac-mansion-mania.de/forum/index.php?topic=2140.0
MMM-Episodenführer,Episode 52 - Ein irrer Tag eines Ronvillers 2.0,https://www.maniac-mansion-mania.de/forum/index.php?topic=730.0
MMM-Episodenführer,Episode 53 - Der Klaus schlägt zurück,https://www.maniac-mansion-mania.de/forum/index.php?topic=1017.0
MMM-Episodenführer,Episode 55 - Hamsters of the mysterious man: Chapter of dream,https://www.maniac-mansion-mania.de/forum/index.php?topic=53.0
MMM-Episodenführer,"Episode 56 - ""Grotten-Urlaub""",https://www.maniac-mansion-mania.de/forum/index.php?topic=159.0
MMM-Episodenführer,Episode 57 - Ein geheimnisvoller Ausflug v2.04,https://www.maniac-mansion-mania.de/forum/index.php?topic=2116.0
MMM-Episodenführer,Episode 57 - Der komplizierte Ausflug Version 1.1,https://www.maniac-mansion-mania.de/forum/index.php?topic=243.0
MMM-Episodenführer,Episode 58 - The People´s Court,https://www.maniac-mansion-mania.de/forum/index.php?topic=283.0
MMM-Episodenführer,Episode 59 - Computerliebe,https://www.maniac-mansion-mania.de/forum/index.php?topic=362.0
MMM-Episodenführer,Episode 60 - Jahrmarkt der Verdammten,https://www.maniac-mansion-mania.de/forum/index.php?topic=376.0
MMM-Episodenführer,Episode 61 - Bernards Room - [jetzt NEU! Die ECHTE!],https://www.maniac-mansion-mania.de/forum/index.php?topic=446.0
MMM-Episodenführer,Episode 62 - Version1.01,https://www.maniac-mansion-mania.de/forum/index.php?topic=432.0
MMM-Episodenführer,Episode 63 - Books-Deals unter Nachbarn,https://www.maniac-mansion-mania.de/forum/index.php?topic=510.0
MMM-Episodenführer,Episode 64 - Baranoia,https://www.maniac-mansion-mania.de/forum/index.php?topic=517.0
MMM-Episodenführer,Episode 65 - Save Smiley!,https://www.maniac-mansion-mania.de/forum/index.php?topic=530.0
MMM-Episodenführer,Episode 66 - Akt III - der verbotene Akt - [ED-on],https://www.maniac-mansion-mania.de/forum/index.php?topic=1158.0
MMM-Episodenführer,Episode 66 - Hoagies neuer Freund,https://www.maniac-mansion-mania.de/forum/index.php?topic=532.0
MMM-Episodenführer,Episode 67 - Die Schöne und das Biest,https://www.maniac-mansion-mania.de/forum/index.php?topic=658.0
MMM-Episodenführer,Episode 68 - MaMMa ante Portas,https://www.maniac-mansion-mania.de/forum/index.php?topic=693.0
MMM-Episodenführer,Episode 69 - Samstag,https://www.maniac-mansion-mania.de/forum/index.php?topic=703.0
MMM-Episodenführer,Episode 70 - Maniac Mansion Begins,https://www.maniac-mansion-mania.de/forum/index.php?topic=713.0
MMM-Episodenführer,Episode 71 - Neue Abenteuer auf Terra,https://www.maniac-mansion-mania.de/forum/index.php?topic=719.0
MMM-Episodenführer,Episode 72 - Mindbending TV - [V.1.01],https://www.maniac-mansion-mania.de/forum/index.php?topic=960.0
MMM-Episodenführer,Episode 73 - Even a broken clock,https://www.maniac-mansion-mania.de/forum/index.php?topic=1019.0
MMM-Episodenführer,Episode 74 - Ted Edison a.t. Curse o. King RootenTooten,https://www.maniac-mansion-mania.de/forum/index.php?topic=1053.0
MMM-Episodenführer,Episode 75 - Das Necronomicon,https://www.maniac-mansion-mania.de/forum/index.php?topic=1091.0
MMM-Episodenführer,Episode 76 - The Bernoulli-Show,https://www.maniac-mansion-mania.de/forum/index.php?topic=1224.0
MMM-Episodenführer,Episode 77 - Schwer verquer,https://www.maniac-mansion-mania.de/forum/index.php?topic=1235.0
MMM-Episodenführer,Episode 78 - Dumm geholfen,https://www.maniac-mansion-mania.de/forum/index.php?topic=1275.0
MMM-Episodenführer,Episode 79 - Der Wunsch-O-Mat,https://www.maniac-mansion-mania.de/forum/index.php?topic=1560.0
MMM-Episodenführer,Episode 80 - 2.2,https://www.maniac-mansion-mania.de/forum/index.php?topic=1765.0
MMM-Episodenführer,Episode 80 - Spiel des Lebens,https://www.maniac-mansion-mania.de/forum/index.php?topic=1725.0
MMM-Episodenführer,Episode 81 - Bernard bricht aus !,https://www.maniac-mansion-mania.de/forum/index.php?topic=1812.0
MMM-Episodenführer,Episode 82 - Freundin mit Hindernissen,https://www.maniac-mansion-mania.de/forum/index.php?topic=1842.0
MMM-Episodenführer,Episode 83 - Chasing Hoagie - [Ger-Eng],https://www.maniac-mansion-mania.de/forum/index.php?topic=1903.0
MMM-Episodenführer,Episode 84 - Surf'n'Ronville,https://www.maniac-mansion-mania.de/forum/index.php?topic=1904.0
MMM-Episodenführer,Episode 85 - Freundin mit Hindernissen Part 2,https://www.maniac-mansion-mania.de/forum/index.php?topic=1961.0
MMM-Episodenführer,Episode 87 - Das Geheimnis des Blakes Hotel von Ronville,https://www.maniac-mansion-mania.de/forum/index.php?topic=2014.0
MMM-Episodenführer,Episode 88 - Der alltaegliche Wahnsinn,https://www.maniac-mansion-mania.de/forum/index.php?topic=2129.0
MMM-Episodenführer,Episode 89 - Der Weltrettungsalgorithmus - Die neue Version,https://www.maniac-mansion-mania.de/forum/index.php?topic=2200.0
MMM-Episodenführer,Episode 89 - Der Weltrettungsalgorithmus,https://www.maniac-mansion-mania.de/forum/index.php?topic=2176.0
MMM-Episodenführer,Episode 90 - Kofferpacken,https://www.maniac-mansion-mania.de/forum/index.php?topic=2328.0
MMM-Episodenführer,Episode 91 - Fels in der Brandung,https://www.maniac-mansion-mania.de/forum/index.php?topic=2345.0
MMM-Episodenführer,Episode 92 - Project False Start,https://www.maniac-mansion-mania.de/forum/index.php?topic=2367.0
MMM-Episodenführer,Episode 93 - Murder at the Moonshine Mansion,https://www.maniac-mansion-mania.de/forum/index.php?topic=2373.0
MMM-Episodenführer,Episode 94 - Maniac on the Mississippi,https://www.maniac-mansion-mania.de/forum/index.php?topic=2439.0
MMM-Episodenführer,Episode 95 - Britney's Escape - [Resurrected from the dead!],https://www.maniac-mansion-mania.de/forum/index.php?topic=2251.0
MMM-Episodenführer,Episode 96 - Dave's Home Odyssey,https://www.maniac-mansion-mania.de/forum/index.php?topic=2573.0
MMM-Episodenführer,Episode 97 - Tollhaus-Weihnachten,https://www.maniac-mansion-mania.de/forum/index.php?topic=2586.0
MMM-Episodenführer,Episode 98 - Maniac Apartment - Hoagie's Cousin,https://www.maniac-mansion-mania.de/forum/index.php?topic=2597.0
MMM-Episodenführer,Episode 99 - Die Premiere,https://www.maniac-mansion-mania.de/forum/index.php?topic=2598.0
MMM-Episodenführer,Episode 100 - Money Mansion,https://www.maniac-mansion-mania.de/forum/index.php?topic=2653.0
MMM-Episodenführer,Episode 101 - Mit anderen Augen,https://www.maniac-mansion-mania.de/forum/index.php?topic=2736.0
MMM-Episodenführer,Episode 102 - Michaels Nacht,https://www.maniac-mansion-mania.de/forum/index.php?topic=2835.0
Mini Episoden,Was zum Geier ist MMMMM?,https://www.maniac-mansion-mania.de/forum/index.php?topic=2402.0
Mini Episoden,MMMMM #2 - Wendy im finsteren Keller (Version 2.0),https://www.maniac-mansion-mania.de/forum/index.php?topic=2407.0
Mini Episoden,MMMMM #5: Marcys Bestimmung,https://www.maniac-mansion-mania.de/forum/index.php?topic=2674.0
Mini Episoden,MMMMM #1 - Eds Paket,https://www.maniac-mansion-mania.de/forum/index.php?topic=2394.0
Mini Episoden,MMMMM #4 Bertholds Rückkehr,https://www.maniac-mansion-mania.de/forum/index.php?topic=2668.0
Mini Episoden,MMMMM #3: Harrys verwegener Tag,https://www.maniac-mansion-mania.de/forum/index.php?topic=2438.0
Specials,Chronik zu Maniac Dungeon,https://www.maniac-mansion-mania.de/forum/index.php?topic=1299.0
Specials,Bitte beachten: Regeln für Maniac Dungeon-Räume,https://www.maniac-mansion-mania.de/forum/index.php?topic=1349.0
Specials,Maniac Mansion Mania Ronmastered Collection,https://www.maniac-mansion-mania.de/forum/index.php?topic=2838.0
Specials,MMM - Man stirbt nur zweimal - Halloween Special 2011,https://www.maniac-mansion-mania.de/forum/index.php?topic=2031.0
Specials,Halloween Spezial 2006 - The Curse of Maniac Mansion,https://www.maniac-mansion-mania.de/forum/index.php?topic=34.0
Specials,[jetzt spielbar] Eine Traumepisode: Spätveröffentlichung,https://www.maniac-mansion-mania.de/forum/index.php?topic=2552.0
Specials,Maniac Mansion Mania-Mitmach-Special: Maniac Dungeon,https://www.maniac-mansion-mania.de/forum/index.php?topic=47.0
Specials,Halloween-Special 2010: Bad and Mad,https://www.maniac-mansion-mania.de/forum/index.php?topic=1744.0
Specials,Halloween 2010: Und Bernard läutet zur Geisterstunde,https://www.maniac-mansion-mania.de/forum/index.php?topic=1699.0
Specials,Halloween 2010: TMMCMFH,https://www.maniac-mansion-mania.de/forum/index.php?topic=1683.0
Specials,Halloween 2010: Das Monster aus der Racoon Lagoon,https://www.maniac-mansion-mania.de/forum/index.php?topic=1664.0
Specials,Ostereiersuche 2018,https://www.maniac-mansion-mania.de/forum/index.php?topic=2603.0
Specials,Silvester Special 2011 - Dinner For One,https://www.maniac-mansion-mania.de/forum/index.php?topic=2060.0
Specials,MMM-X-Mas 2015: Three Days Before Christmas,https://www.maniac-mansion-mania.de/forum/index.php?topic=2449.0
Specials,Ostereiersuche 2010,https://www.maniac-mansion-mania.de/forum/index.php?topic=1446.0
Specials,Ostereiersuche 2011,https://www.maniac-mansion-mania.de/forum/index.php?topic=1868.0
Specials,Edgar Awards Show 2 - Beide Teile nun  auf 3.4 konvertiert.,https://www.maniac-mansion-mania.de/forum/index.php?topic=2535.0
Specials,Halloween 2005: Day of the Dead,https://www.maniac-mansion-mania.de/forum/index.php?topic=2130.0
Specials,The Edgar Awards Show - Staffel 4,https://www.maniac-mansion-mania.de/forum/index.php?topic=2443.0
Specials,Ausstehende Edgar-Verleihung,https://www.maniac-mansion-mania.de/forum/index.php?topic=114.0
Specials,The Edgar Awards Show - Staffel 8,https://www.maniac-mansion-mania.de/forum/index.php?topic=2416.0
Specials,Maniac Dungeon Raum 21: Durch Raum (21) und Zeit,https://www.maniac-mansion-mania.de/forum/index.php?topic=2318.0
Specials,MMM Edgar Award Staffel 9,https://www.maniac-mansion-mania.de/forum/index.php?topic=2355.0
Specials,Maniac Dungeon Raum 20 - Die Pharaonen-Grabkammer,https://www.maniac-mansion-mania.de/forum/index.php?topic=1828.0
Specials,Maniac Mansion Mania Network 2,https://www.maniac-mansion-mania.de/forum/index.php?topic=1617.0
Specials,Hollywood Special 2011 - Ronville Viper,https://www.maniac-mansion-mania.de/forum/index.php?topic=2017.0
Specials,Hollywood Special,https://www.maniac-mansion-mania.de/forum/index.php?topic=1715.0
Specials,Halloween Special,https://www.maniac-mansion-mania.de/forum/index.php?topic=2026.0
Specials,Maniac Dungeon 7 - Remake,https://www.maniac-mansion-mania.de/forum/index.php?topic=1821.0
Specials,Weihnachtsspecial 2008,https://www.maniac-mansion-mania.de/forum/index.php?topic=890.0
Specials,"Advent , Advent 1 Lichtlein brennt...",https://www.maniac-mansion-mania.de/forum/index.php?topic=1712.0
Specials,The Edgar Awards Season Six,https://www.maniac-mansion-mania.de/forum/index.php?topic=1123.0
Specials,Halloween Special 2008,https://www.maniac-mansion-mania.de/forum/index.php?topic=722.0
Specials,VERSCHOBEN: Maniac Dungon - Raum 20,https://www.maniac-mansion-mania.de/forum/index.php?topic=1575.0
Specials,5th Maniac Birthday - Der Film,https://www.maniac-mansion-mania.de/forum/index.php?topic=1398.0
Specials,just Maniac Mansion Mania - a special to 5 years of MMM,https://www.maniac-mansion-mania.de/forum/index.php?topic=1397.0
Specials,Maniac Dungeon 18: Die perfekte Welle,https://www.maniac-mansion-mania.de/forum/index.php?topic=1333.0
Specials,Maniac Dungeon 19: Weihnachts Edition,https://www.maniac-mansion-mania.de/forum/index.php?topic=1355.0
Specials,Maniac Dungeon 17 - Wahnsinnsfahrt im Geisterzug,https://www.maniac-mansion-mania.de/forum/index.php?topic=1332.0
Specials,A Xmas Odysee,https://www.maniac-mansion-mania.de/forum/index.php?topic=1101.0
Specials,"Es ist der 31.10.2009, es ist Halloween...",https://www.maniac-mansion-mania.de/forum/index.php?topic=1300.0
Specials,Maniac Dungeon - Raum 16,https://www.maniac-mansion-mania.de/forum/index.php?topic=1271.0
Specials,Maniac Dungeon 15: Die unterirdische Kulturstätte,https://www.maniac-mansion-mania.de/forum/index.php?topic=1240.0
Specials,MD6 - The Race,https://www.maniac-mansion-mania.de/forum/index.php?topic=1124.0
Specials,Das Monster aus der Racoon Lagoon (spielbare Demo),https://www.maniac-mansion-mania.de/forum/index.php?topic=1059.0
Specials,The Edgar Awards VII,https://www.maniac-mansion-mania.de/forum/index.php?topic=1118.0
Specials,The Edgar Award Staffel 2 Show II,https://www.maniac-mansion-mania.de/forum/index.php?topic=775.0
Specials,Halloween Special 2007,https://www.maniac-mansion-mania.de/forum/index.php?topic=13.0
Specials,Soll KhrisMUCs Folge übersprungen werden?,https://www.maniac-mansion-mania.de/forum/index.php?topic=301.0
Specials,Soll Maniac Dungen Folge 6 übersprungen werden?,https://www.maniac-mansion-mania.de/forum/index.php?topic=197.0
Specials,"Halloween Spezial 2006 - Hää, ich glaub ich spinne!!",https://www.maniac-mansion-mania.de/forum/index.php?topic=33.0
Specials,Halloween Special 2006,https://www.maniac-mansion-mania.de/forum/index.php?topic=4.0
Trash Episoden,Trash? Was darf eigentlich Trash sein - die Regeln zur Mülltrennung,https://www.maniac-mansion-mania.de/forum/index.php?topic=949.0
Trash Episoden,Wichtig: Download von Episoden,https://www.maniac-mansion-mania.de/forum/index.php?topic=917.0
Trash Episoden,Wink Smiley sucht den MMMM - Bloody Halloween Version,https://www.maniac-mansion-mania.de/forum/index.php?topic=582.0
Trash Episoden,Britney muss mahl,https://www.maniac-mansion-mania.de/forum/index.php?topic=935.0
Trash Episoden,[Minispiel] Smash the Tentacle,https://www.maniac-mansion-mania.de/forum/index.php?topic=995.0
Trash Episoden,Bernard muss 4 mahl!,https://www.maniac-mansion-mania.de/forum/index.php?topic=934.0
Trash Episoden,Bernard muss 3 mahl!!!,https://www.maniac-mansion-mania.de/forum/index.php?topic=864.0
Trash Episoden,Bernard muss 2 mahl!,https://www.maniac-mansion-mania.de/forum/index.php?topic=477.0
Trash Episoden,Bernard muss mahl,https://www.maniac-mansion-mania.de/forum/index.php?topic=399.0
Trash Episoden,Trash-Episode  - Jagd auf rotes Tentakel,https://www.maniac-mansion-mania.de/forum/index.php?topic=363.0
Trash Episoden,Wink Smiley sucht den Trashmillionär,https://www.maniac-mansion-mania.de/forum/index.php?topic=580.0
Trash Episoden,Wink Smiley sucht den MMMMillionär - Vol. II,https://www.maniac-mansion-mania.de/forum/index.php?topic=560.0
Trash Episoden,Wink Smiley sucht den MMM-Millionär,https://www.maniac-mansion-mania.de/forum/index.php?topic=216.0
Trash Episoden,VERSCHOBEN: Episode MS: F**king Vista!,https://www.maniac-mansion-mania.de/forum/index.php?topic=163.0
Trash Episoden,VERSCHOBEN: Episode NG: NoGUI,https://www.maniac-mansion-mania.de/forum/index.php?topic=74.0
Trash Episoden,Die Herrschafft der Futanaris 4,https://www.maniac-mansion-mania.de/forum/index.php?topic=242.0
Trash Episoden,Zpecial Trash: Herschschaft der Futanaris 3!,https://www.maniac-mansion-mania.de/forum/index.php?topic=238.0
Trash Episoden,Herschschaft der Futanaris II - Flucht ins Sexil,https://www.maniac-mansion-mania.de/forum/index.php?topic=229.0
Trash Episoden,Meteorhead - The Final Chapter: Die Qual des Wals,https://www.maniac-mansion-mania.de/forum/index.php?topic=2587.0
Trash Episoden,Meteorhead: Die unverträgliche Dreistigkeit des Schweins,https://www.maniac-mansion-mania.de/forum/index.php?topic=2557.0
Trash Episoden,Meteorhead XIV: A Road Movie,https://www.maniac-mansion-mania.de/forum/index.php?topic=2222.0
Trash Episoden,Meteorhead XIII: Universale Veränderungen,https://www.maniac-mansion-mania.de/forum/index.php?topic=2125.0
Trash Episoden,Meteorhead XI - Die Klauung des güldenen Headgars,https://www.maniac-mansion-mania.de/forum/index.php?topic=897.0
Trash Episoden,Meteorhead X - Eine Frage der Ausrede,https://www.maniac-mansion-mania.de/forum/index.php?topic=881.0
Trash Episoden,Meteorhead IX: Razors Mutation,https://www.maniac-mansion-mania.de/forum/index.php?topic=863.0
Trash Episoden,Meteorhead VIII: Rettet Meteorhead Man,https://www.maniac-mansion-mania.de/forum/index.php?topic=774.0
Trash Episoden,Meteorhead Man und Peter Pommes retten die Fast Food-Industrie,https://www.maniac-mansion-mania.de/forum/index.php?topic=763.0
Trash Episoden,Meteorhead VI: Verbannt ins Exühl,https://www.maniac-mansion-mania.de/forum/index.php?topic=710.0
Trash Episoden,Meteorhead V: Die Universalkraft,https://www.maniac-mansion-mania.de/forum/index.php?topic=641.0
Trash Episoden,Meteorhead IV: Forgotten Memories,https://www.maniac-mansion-mania.de/forum/index.php?topic=475.0
Trash Episoden,Meteorhead III - Spiel mir das 1337 vom Tod,https://www.maniac-mansion-mania.de/forum/index.php?topic=476.0
Trash Episoden,Meteorhead 2: Rückkehr eines Idioten,https://www.maniac-mansion-mania.de/forum/index.php?topic=418.0
Trash Episoden,Meteorhead Recycled (in verschiedenen Sprachen),https://www.maniac-mansion-mania.de/forum/index.php?topic=800.0
Trash Episoden,DOMM - Day of Maniac Mansion,https://www.maniac-mansion-mania.de/forum/index.php?topic=465.0
Trash Episoden,Let's Play: Meteorhead Man!,https://www.maniac-mansion-mania.de/forum/index.php?topic=1867.0
Trash Episoden,VERSCHOBEN: [NoMMM] Britney's Escape,https://www.maniac-mansion-mania.de/forum/index.php?topic=1935.0
Trash Episoden,[Minispiel] Run Hoagie Run !,https://www.maniac-mansion-mania.de/forum/index.php?topic=384.0
Trash Episoden,Rückzieher bestimmter Trash-Episoden starten.,https://www.maniac-mansion-mania.de/forum/index.php?topic=1734.0
Trash Episoden,Sandy fall in love with Fred: J.A.R.T 2,https://www.maniac-mansion-mania.de/forum/index.php?topic=404.0
Trash Episoden,Jukebox,https://www.maniac-mansion-mania.de/forum/index.php?topic=1564.0
Trash Episoden,Britney's Room,https://www.maniac-mansion-mania.de/forum/index.php?topic=780.0
Trash Episoden,[MUSIKVIDEO] Kochen mit Fred und Ed,https://www.maniac-mansion-mania.de/forum/index.php?topic=231.0
Trash Episoden,Ankindigung für Bernard muss 4 mahl!,https://www.maniac-mansion-mania.de/forum/index.php?topic=930.0
Trash Episoden,He's back! Doktor in da House 3,https://www.maniac-mansion-mania.de/forum/index.php?topic=911.0
Trash Episoden,Wer soll dein Headgar sein?,https://www.maniac-mansion-mania.de/forum/index.php?topic=882.0
Trash Episoden,Meteorhead - Ressourcen und Infos,https://www.maniac-mansion-mania.de/forum/index.php?topic=738.0
Trash Episoden,Neulich in der Ronville Highschool (Trash-Comic),https://www.maniac-mansion-mania.de/forum/index.php?topic=843.0
Trash Episoden,"Meteorhead, ist das noch Trash?",https://www.maniac-mansion-mania.de/forum/index.php?topic=519.0
Trash Episoden,[FANMOVIE] The new president,https://www.maniac-mansion-mania.de/forum/index.php?topic=447.0
Trash Episoden,Meteorhead,https://www.maniac-mansion-mania.de/forum/index.php?topic=400.0
Trash Episoden,Was witziges für zwischendurch.,https://www.maniac-mansion-mania.de/forum/index.php?topic=202.0
Trash Episoden,Herschschaft der futanari,https://www.maniac-mansion-mania.de/forum/index.php?topic=44.0
Trash Episoden,[TRASH-COMIC] Neulich in der Studenten-WG,https://www.maniac-mansion-mania.de/forum/index.php?topic=381.0
Trash Episoden,Maniac Hell Trashcomic,https://www.maniac-mansion-mania.de/forum/index.php?topic=383.0
